Age,Gender,Senior Citizen,Visit Time
21,Male,No,06-03-26 15:54
29,Male,No,06-03-26 16:05
26,Male,No,06-03-26 16:05
24,Female,No,06-03-26 16:05
26,Female,No,06-03-26 16:05
22,Male,No,06-03-26 16:05
25,Female,No,06-03-26 16:05
28,Male,No,06-03-26 16:05
23,Male,No,06-03-26 16:05
25,Male,No,06-03-26 16:05
24,Male,No,06-03-26 16:05
24,Male,No,06-03-26 16:05
24,Male,No,06-03-26 16:05
23,Male,No,06-03-26 16:05
26,Male,No,06-03-26 16:05
32,Male,No,06-03-26 16:05
31,Male,No,06-03-26 16:05
27,Male,No,06-03-26 16:05
26,Male,No,2026-03-06 16:28:34
27,Male,No,2026-03-06 16:28:36
27,Male,No,2026-03-06 16:28:45
31,Female,No,2026-03-06 16:28:46
