Age,Gender,Senior Citizen,Time of Visit
12,Male,No,2026-03-03 16:51:30
13,Male,No,2026-03-03 16:51:31
13,Male,No,2026-03-03 16:51:31
14,Male,No,2026-03-03 16:51:32
12,Male,No,2026-03-03 16:51:32
13,Male,No,2026-03-03 16:51:32
11,Male,No,2026-03-03 16:51:33
10,Male,No,2026-03-03 16:51:33
11,Male,No,2026-03-03 16:51:33
13,Male,No,2026-03-03 16:51:34
12,Male,No,2026-03-03 16:51:34
13,Male,No,2026-03-03 16:51:34
14,Male,No,2026-03-03 16:51:35
14,Male,No,2026-03-03 16:51:35
12,Male,No,2026-03-03 16:51:35
12,Male,No,2026-03-03 16:51:35
12,Male,No,2026-03-03 16:51:36
12,Male,No,2026-03-03 16:51:36
12,Male,No,2026-03-03 16:51:36
11,Male,No,2026-03-03 16:51:36
12,Male,No,2026-03-03 16:51:36
11,Male,No,2026-03-03 16:51:36
12,Male,No,2026-03-03 16:51:37
13,Male,No,2026-03-03 16:51:37
14,Male,No,2026-03-03 16:51:37
13,Male,No,2026-03-03 16:51:37
11,Male,No,2026-03-03 16:51:37
13,Male,No,2026-03-03 16:51:37
12,Male,No,2026-03-03 16:51:37
12,Male,No,2026-03-03 16:51:38
13,Male,No,2026-03-03 16:51:38
12,Male,No,2026-03-03 16:51:38
12,Male,No,2026-03-03 16:51:38
11,Male,No,2026-03-03 16:51:38
10,Male,No,2026-03-03 16:51:38
11,Male,No,2026-03-03 16:51:39
11,Male,No,2026-03-03 16:51:39
11,Male,No,2026-03-03 16:51:39
12,Male,No,2026-03-03 16:51:39
12,Male,No,2026-03-03 16:51:39
12,Male,No,2026-03-03 16:51:39
11,Male,No,2026-03-03 16:51:39
13,Male,No,2026-03-03 16:51:40
12,Male,No,2026-03-03 16:51:40
11,Male,No,2026-03-03 16:51:40
11,Male,No,2026-03-03 16:51:40
12,Male,No,2026-03-03 16:51:40
12,Male,No,2026-03-03 16:51:40
10,Male,No,2026-03-03 16:51:41
11,Male,No,2026-03-03 16:51:41
11,Male,No,2026-03-03 16:51:41
13,Male,No,2026-03-03 16:51:41
10,Male,No,2026-03-03 16:51:41
12,Male,No,2026-03-03 16:51:41
12,Male,No,2026-03-03 16:51:42
12,Male,No,2026-03-03 16:51:42
12,Male,No,2026-03-03 16:51:42
12,Male,No,2026-03-03 16:51:42
11,Male,No,2026-03-03 16:51:42
13,Male,No,2026-03-03 16:51:42
12,Male,No,2026-03-03 16:51:43
13,Male,No,2026-03-03 16:51:43
12,Male,No,2026-03-03 16:51:43
12,Male,No,2026-03-03 16:51:43
10,Male,No,2026-03-03 16:51:43
12,Male,No,2026-03-03 16:51:43
11,Male,No,2026-03-03 16:51:43
10,Male,No,2026-03-03 16:51:44
11,Male,No,2026-03-03 16:51:44
13,Male,No,2026-03-03 16:51:44
12,Male,No,2026-03-03 16:51:45
12,Male,No,2026-03-03 16:51:45
13,Male,No,2026-03-03 16:51:45
11,Male,No,2026-03-03 16:51:45
11,Male,No,2026-03-03 16:51:45
13,Male,No,2026-03-03 16:51:46
12,Male,No,2026-03-03 16:51:46
13,Male,No,2026-03-03 16:51:46
13,Male,No,2026-03-03 16:51:46
14,Male,No,2026-03-03 16:51:47
14,Female,No,2026-03-03 16:55:45
12,Female,No,2026-03-03 16:55:45
12,Female,No,2026-03-03 16:55:45
12,Female,No,2026-03-03 16:55:46
12,Female,No,2026-03-03 16:55:46
14,Female,No,2026-03-03 16:55:46
13,Female,No,2026-03-03 16:55:46
11,Female,No,2026-03-03 16:55:46
14,Female,No,2026-03-03 16:55:47
12,Female,No,2026-03-03 16:55:47
12,Female,No,2026-03-03 16:55:47
12,Female,No,2026-03-03 16:55:47
13,Female,No,2026-03-03 16:55:48
13,Female,No,2026-03-03 16:55:48
14,Female,No,2026-03-03 16:55:48
11,Female,No,2026-03-03 16:55:48
11,Female,No,2026-03-03 16:55:48
11,Female,No,2026-03-03 16:55:48
12,Female,No,2026-03-03 16:55:49
13,Female,No,2026-03-03 16:55:49
12,Female,No,2026-03-03 16:55:49
14,Female,No,2026-03-03 16:55:49
22,Female,No,2026-03-03 16:55:49
17,Female,No,2026-03-03 16:55:50
17,Female,No,2026-03-03 16:55:50
17,Female,No,2026-03-03 16:55:50
16,Female,No,2026-03-03 16:55:50
13,Female,No,2026-03-03 16:55:50
11,Female,No,2026-03-03 16:55:50
14,Female,No,2026-03-03 16:55:51
14,Female,No,2026-03-03 16:55:51
11,Female,No,2026-03-03 16:55:51
11,Female,No,2026-03-03 16:55:51
12,Female,No,2026-03-03 16:55:51
12,Female,No,2026-03-03 16:55:51
9,Female,No,2026-03-03 16:55:52
9,Female,No,2026-03-03 16:55:52
12,Female,No,2026-03-03 16:55:52
12,Female,No,2026-03-03 16:55:52
10,Female,No,2026-03-03 16:55:52
13,Female,No,2026-03-03 16:55:52
13,Female,No,2026-03-03 16:55:52
13,Female,No,2026-03-03 16:55:53
13,Female,No,2026-03-03 16:55:53
12,Female,No,2026-03-03 16:55:53
13,Female,No,2026-03-03 16:55:54
12,Female,No,2026-03-03 16:55:54
11,Female,No,2026-03-03 16:55:54
11,Female,No,2026-03-03 16:55:54
11,Female,No,2026-03-03 16:55:54
12,Female,No,2026-03-03 16:55:55
11,Female,No,2026-03-03 16:55:55
13,Female,No,2026-03-03 16:55:55
12,Female,No,2026-03-03 16:55:55
